<?xml version="1.0" encoding="UTF-8"?>

<entity-mappings xmlns="http://java.sun.com/xml/ns/persistence/orm"
                 xmlns:xsi="http://www.w3.org/2001/XMLSchema-instance"
                 xsi:schemaLocation="http://java.sun.com/xml/ns/persistence/orm orm_2_0.xsd"
                 version="2.0"
        >
    <persistence-unit-metadata>
        <persistence-unit-defaults>
            <entity-listeners>
                <entity-listener class="dst1.listener.DefaultListener">
                <!--
                    <pre-persist method-name="prePersist"/>
                    <post-persist method-name="postPersist"/>
                    <post-load method-name="postLoad"/>
                    <post-update method-name="postUpdate"/>
                    <post-remove method-name="postRemove"/>
                -->
                </entity-listener>
            </entity-listeners>
        </persistence-unit-defaults>
    </persistence-unit-metadata>
    <package>dst1</package>
    <entity class="dst1.model.Computer">
        <entity-listeners>
            <entity-listener class="dst1.listener.ComputerEntityListener">
            <!--
                <pre-persist method-name="prePersist"/>
                <pre-update method-name="preUpdate"/>
            -->
            </entity-listener>
        </entity-listeners>
        <!--
        <pre-persist method-name="prePersist"/>
        -->
    </entity>
</entity-mappings>